{
  "name" : "Dreadnought",
  "loss priority" : [ "Fighter","Destroyer","Carrier","Cruiser","Dreadnought","War Sun","Capital Ship", "Shock Troop", "Ground Force", "Mechanized Unit" ],
  "extra hits" : "None",
  "hit priority" : "sustain",
  "Carrier" : 0,
  "Fighter" : 0,
  "Destroyer" : 0,
  "Cruiser" : 0,
  "Dreadnought" : 1,
  "War Sun" : 0,
  "Capital Ship" : 0,
  "Ground Force" : 0,
  "Mechanized Unit" : 0,
  "Shock Troop" : 0,

  "Catalog":
  {
        "Carrier" :
    {   "model" : "Carrier",
        "to hit" : 9,
        "hits" : 1 }, 
    
      "Fighter" :
    {   "model" : "Fighter",
        "to hit" : 9,
        "hits" : 1 },
    
      "Destroyer" :
    {   "model" : "Destroyer",
        "to hit" : 9,
        "hits" : 1 },
    
      "Cruiser" :
    {   "model" : "Cruiser",
        "to hit" : 7,
        "hits" : 1 },
    
      "Dreadnought" :
    {   "model" : "Dreadnought",
        "to hit" : 4,
        "hits" : 1 },
    
      "War Sun" :
    {   "model" : "War Sun",
        "to hit" : 3,
        "hits" : 3 },
    
      "Capital Ship" :
    {   "model" : "Capital Ship",
        "to hit" : 5,
        "hits" : 2 },
    
      "Ground Force" :
    {   "model" : "Ground Force",
        "to hit" : 9,
        "hits" : 1 },

      "Mechanized Unit" :
    {   "model" : "Mechanized Unit",
        "to hit" : 6,
        "hits" : 2 },

      "Shock Troop" :
    {   "model" : "Shock Troop",
        "to hit" : 5,
        "hits" : 1 }

    }
}
