{
  "Cruiser":2,
  "Capital Ship":0,
  "Fighter":0,
  "name":"2xCruisers",
  "loss priority":[
    "Fighter",
    "Destroyer",
    "Carrier",
    "Cruiser",
    "Dreadnought",
    "War Sun",
    "Capital Ship",
    "Shock Troop",
    "Ground Force",
    "Mechanized Unit"
  ],
  "Mechanized Unit":0,
  "Initial Strikes":[],
  "Shock Troop":0,
  "Ground Force":0,
  "Catalog":{
    "Mechanized Unit":{
      "hits":2,
      "model":"Mechanized Unit",
      "to hit":6
    },
    "Capital Ship":{
      "hits":2,
      "model":"Capital Ship",
      "to hit":5
    },
    "Carrier":{
      "hits":1,
      "model":"Carrier",
      "to hit":9
    },
    "Fighter":{
      "hits":1,
      "model":"Fighter",
      "to hit":9
    },
    "Cruiser":{
      "hits":1,
      "model":"Cruiser",
      "to hit":6
    },
    "Destroyer":{
      "hits":1,
      "model":"Destroyer",
      "to hit":9
    },
    "Shock Troop":{
      "hits":1,
      "model":"Shock Troop",
      "to hit":5
    },
    "Ground Force":{
      "hits":1,
      "model":"Ground Force",
      "to hit":9
    },
    "Dreadnought":{
      "hits":1,
      "model":"Dreadnought",
      "to hit":5
    },
    "War Sun":{
      "hits":3,
      "model":"War Sun",
      "to hit":3
    }
  },
  "War Sun":0,
  "hit priority":"sustain",
  "Destroyer":0,
  "Carrier":0,
  "Dreadnought":0,
  "Extra Hits":[],
  "extra hits":"None"
}
